age,income,existing_emi,credit_score,asset_value,loan_amount,tenure,approved
59,72761,3713,517,756291,346558,48,1
49,51368,5051,489,450890,360239,48,1
35,21783,10756,716,362660,248154,60,0
28,56914,2475,845,309480,77307,48,1
41,85507,3610,340,836331,480278,12,1
59,94026,4255,606,766046,362576,48,1
39,82526,14484,637,538067,299067,36,1
43,85835,11015,613,381356,384593,36,0
31,60765,7397,374,183498,499955,36,0
31,34956,1735,578,304024,240998,60,1
44,61240,9777,475,705258,476604,36,1
56,52148,8258,572,140009,314718,60,0
44,19757,11253,588,773858,441607,60,0
23,34097,7979,571,473159,126757,48,1
42,25395,2428,365,771755,58664,12,1
22,31241,12345,782,94816,334528,48,1
44,42696,7426,547,54138,298171,48,0
50,85480,8533,455,141176,171536,60,0
58,61163,5249,346,388089,301629,60,1
22,34816,10966,753,840449,264438,36,1
41,64840,5291,500,846883,155528,36,1
53,67853,2817,423,768316,473011,48,1
32,39917,10853,300,406007,302698,24,1
42,36566,9424,490,846710,314066,24,1
45,90452,3874,815,271552,280553,36,1
47,77823,10593,741,93764,205399,24,1
48,35806,9686,442,173030,227472,36,0
36,90520,14109,490,968638,303783,60,1
35,16759,4211,832,899375,236182,48,1
23,56949,661,526,669955,461843,12,1
57,17482,12075,612,366462,481640,48,0
27,39442,13753,601,939855,286836,36,1
41,48719,11811,759,416142,94037,36,1
29,73066,14788,700,110128,214912,48,1
59,17079,10060,692,269128,190272,36,0
38,17717,10526,506,858301,229135,24,0
24,74676,3374,509,283540,193487,24,1
45,42952,9208,414,55039,23074,36,1
34,57460,12598,550,202353,151621,36,1
29,87847,207,518,162935,297107,24,0
46,33449,2665,706,584730,489672,36,1
22,48536,2493,742,910220,232434,36,1
40,79077,6813,653,956161,237679,48,1
48,53258,632,849,339730,57265,12,1
27,63302,10294,441,103053,21061,24,1
28,43865,11151,800,231561,456442,48,1
55,21645,3083,846,788464,164882,12,1
34,53000,12944,841,136346,458222,36,1
37,41737,13711,806,379231,118502,36,1
56,26485,10123,580,455841,289944,48,1
24,53565,3719,723,608685,383336,36,1
22,40522,7123,569,370815,261505,60,1
26,80155,10754,453,166214,112228,48,1
24,70168,1679,382,535001,211548,12,1
49,67487,236,725,903329,467676,48,1
38,27342,7446,574,731509,455983,24,1
46,55806,4443,583,448499,295198,48,1
54,63770,6770,472,450826,473535,36,0
30,93623,12917,626,486542,181469,36,1
56,90629,9732,362,327068,18233,60,1
34,67603,6099,372,687431,247277,60,1
51,96974,12135,674,422397,488236,60,1
35,41399,13559,807,412441,161140,12,1
28,96244,8555,697,837301,332871,60,1
34,91534,2368,419,933520,357754,12,1
43,70106,285,736,837446,337597,60,1
41,45678,148,764,584391,109135,12,1
36,91218,13395,585,525738,424048,48,1
38,78230,4037,564,946749,375608,48,1
44,89055,6549,619,476674,222314,36,1
46,71373,7121,675,132409,18682,12,1
45,46480,12743,388,73248,490514,24,0
49,83836,9958,502,532376,159455,36,1
35,87258,4895,633,748876,325304,48,1
21,54986,5280,521,996565,229404,12,1
45,39160,1012,340,729530,290810,60,1
27,94111,11023,367,58024,325961,24,0
29,79929,10699,813,525430,96198,48,1
44,88506,9715,426,284864,432858,36,0
21,49911,2785,554,922379,46830,12,1
28,46821,10748,315,224875,15234,24,1
44,90039,3725,776,986800,62616,12,1
31,75535,4576,361,403973,276365,60,1
37,99458,5782,731,929140,147482,36,1
28,27175,6257,567,923096,216127,12,1
55,69771,9793,334,461473,197485,48,1
55,81358,2408,793,193927,6051,36,1
53,32327,340,768,135178,377673,48,1
25,62057,2817,624,937553,473517,12,1
59,21150,14298,603,566540,81918,36,0
48,19425,2496,575,856457,83116,48,0
27,31032,5962,500,447674,389370,60,0
29,17198,13122,744,113610,454779,60,0
28,75500,5299,623,645131,233931,12,1
32,68394,9917,334,681525,311901,36,1
54,35079,7574,781,527177,388152,24,1
53,51220,1689,779,755191,213547,36,1
43,56874,3267,364,748787,449473,60,1
44,28859,4406,307,537025,231572,48,1
57,65460,8453,600,704587,136379,24,1
55,46419,1442,642,481722,61889,12,1
42,23705,8597,730,55668,467111,24,0
47,57880,10382,723,272542,231256,12,1
55,38236,4437,631,228267,303088,24,0
21,30358,5435,737,909665,366699,12,1
55,91918,8435,473,205489,43134,12,1
57,29596,12777,826,394126,425539,24,0
34,48572,4107,325,680421,207834,24,1
23,93757,560,705,847183,485441,12,1
21,16279,12329,531,358362,232579,60,0
25,78197,10917,832,963081,30954,24,1
46,77516,8785,849,843784,191093,36,1
34,22083,5548,804,784412,357103,48,1
59,32771,1826,478,138835,231999,12,0
47,44975,11421,431,671781,215938,12,1
29,60648,11479,754,865359,206499,48,1
35,63285,12265,647,746454,272136,60,1
35,34063,13981,839,151948,6961,48,1
46,82642,7629,705,235194,17497,24,1
33,52599,8325,375,603781,430767,48,1
52,66920,3138,791,516755,474600,12,1
59,43529,12111,493,343851,261446,48,1
52,50954,13235,461,774174,453971,36,1
24,42856,7693,646,188368,280399,24,0
50,17573,8264,660,206470,140639,48,0
57,93344,12686,386,347986,315991,12,0
43,50367,13716,561,63261,240889,24,0
59,75774,7842,513,126709,184075,12,0
35,38752,6721,561,670273,25389,60,1
49,70029,7002,582,418760,180595,36,1
56,32685,4225,766,903605,390946,60,1
33,66693,2978,679,343925,328720,36,1
52,70961,7373,661,325796,311063,48,1
27,91908,5907,748,317247,218175,24,1
42,89532,6097,740,337644,8358,48,1
48,96994,12553,392,820692,355679,36,1
22,71133,5656,723,674624,257557,36,1
26,76268,10177,441,478745,212596,36,1
48,53243,8984,590,687787,259488,12,1
48,72384,14588,731,723812,110982,24,1
40,46653,13600,348,885825,233129,48,1
50,41657,4259,601,474390,272842,48,1
31,54952,8286,489,507666,333953,60,1
48,37180,5901,435,740796,98079,36,1
45,93411,9325,703,359550,60805,36,1
59,16622,14671,640,375203,167421,36,0
53,63756,4917,617,721314,212849,48,1
21,55809,8429,662,394866,448464,60,1
47,31725,14716,681,825107,342177,12,1
33,76396,11138,532,586644,243483,24,1
23,66226,2530,643,702416,365383,12,1
59,96182,1960,848,52187,397551,48,1
26,97565,7045,828,913675,49041,36,1
28,44402,1048,482,871530,299098,24,1
47,19263,5772,340,535687,275146,48,0
29,61828,2529,696,726585,336927,48,1
57,62924,2964,793,708966,112524,48,1
53,89182,7137,632,894052,223306,24,1
44,74052,963,426,476044,392001,24,1
35,26664,536,300,176270,24738,60,1
52,50737,13891,467,993993,277847,60,1
52,44373,7340,318,850819,118776,12,1
44,51397,14267,631,381607,185494,24,1
32,53709,7179,755,817286,481322,24,1
59,76120,7967,408,970095,197971,24,1
22,34250,12415,567,815791,410608,60,1
23,36172,11871,744,403827,311868,48,1
57,26555,12379,539,636349,299443,36,0
37,93617,11916,600,809785,282785,60,1
22,68276,8734,402,131257,346678,24,0
22,72492,845,549,111753,273449,60,0
48,68002,11795,752,921206,234334,12,1
43,87355,5777,819,454303,285926,24,1
57,39762,3036,452,474032,345401,12,1
52,26046,5947,473,73408,241371,24,0
53,43769,2494,642,174116,82963,60,1
21,68302,12677,730,705496,126987,48,1
39,38150,2719,623,67413,156638,36,0
22,83247,1884,719,687938,129591,12,1
46,19853,12330,784,109500,72766,60,0
52,36792,4349,711,920946,11511,48,1
26,74129,11393,383,106358,119816,60,0
52,89478,5179,412,116197,254432,12,0
24,82298,10902,631,543992,424393,36,1
31,46987,6610,677,798149,271909,60,1
37,30850,6430,340,273492,156426,24,1
58,27112,7154,404,835833,291073,48,1
44,39058,13828,501,476070,164892,60,1
25,60420,10145,749,126240,116576,48,1
54,53890,6488,565,285595,427739,24,0
26,81017,4737,509,572710,76088,36,1
42,62304,6525,417,795423,464379,36,1
31,47921,3850,676,328466,82525,24,1
36,16524,689,839,949485,18780,48,1
53,30048,13564,383,56968,273733,60,0
29,50111,10142,753,339662,433028,24,1
26,52904,5175,813,888357,360808,12,1
36,69912,13774,686,240920,444155,48,1
49,49008,8648,649,948332,449709,36,1
23,15060,5078,595,929854,109188,24,0
40,89666,10322,557,313844,98326,36,1
56,98559,12168,380,930214,308097,48,1
39,70337,13410,567,282076,70785,36,1
46,28350,12436,718,73199,24309,24,1
23,39354,5448,534,487805,59195,48,1
39,60186,1179,610,213187,30901,12,1
40,43145,12477,656,505150,159648,24,1
52,49020,11757,512,559551,429724,60,1
27,90186,9074,348,563942,472927,24,0
53,35581,6406,426,759676,30464,48,1
59,38051,8591,522,55520,458497,24,0
38,66474,6907,578,684102,283404,12,1
21,84626,8800,707,217527,129997,12,1
31,21960,14083,804,820644,302584,60,0
48,50772,1638,593,697652,362226,36,1
45,36520,5671,576,589243,372727,48,1
43,64481,6928,737,225121,61683,48,1
51,51408,10340,406,719277,391350,36,1
50,72134,1382,719,521797,177502,12,1
55,35491,1403,728,300144,400203,12,1
27,16341,9011,674,114925,161177,24,0
36,59623,3292,372,419360,83484,60,1
46,15338,9011,329,644557,254819,60,0
22,86431,419,487,998458,411242,60,1
21,27254,12411,663,353602,335453,24,0
32,66860,4517,750,401181,313071,60,1
25,26344,3302,494,726473,211486,36,1
57,16750,7857,455,149977,455751,24,0
52,69756,9700,471,555838,310090,36,1
29,82957,7870,340,569163,393647,24,1
55,73053,5693,362,533442,454777,60,0
39,85855,767,322,880371,146449,36,1
36,30896,2044,659,79345,58592,36,1
23,70761,14818,374,829976,143419,36,1
40,77552,14854,417,422251,300920,24,1
44,92454,14490,679,958298,401999,48,1
53,42935,10331,589,836086,60798,60,1
44,52641,11221,739,543814,140370,36,1
31,44711,1549,306,381310,337348,48,0
28,85342,14790,495,753221,353351,60,1
56,27182,9956,720,147406,367500,60,1
58,71276,6140,492,361442,453377,36,0
40,34541,10837,447,357086,327796,36,0
55,97310,3716,501,577741,432700,24,1
45,59813,12797,743,677099,496830,48,1
55,52198,13494,718,629223,396716,48,1
45,23820,4481,726,434583,248767,36,1
49,39070,13885,778,748730,25922,60,1
38,84768,7898,774,844760,432244,36,1
38,26122,6548,425,65534,418532,60,0
22,95559,2293,694,921712,344140,60,1
55,88543,4837,624,610608,415184,36,1
36,98441,7758,691,623458,297410,12,1
56,56786,10900,739,150546,231817,48,1
53,21737,6793,503,654489,422216,60,0
24,51062,7638,785,808761,412227,60,1
53,69237,7993,330,320784,7866,12,1
34,66571,6007,687,281324,117669,24,1
41,40510,5542,733,534273,273042,12,1
40,34426,9092,675,735409,285539,12,1
28,52265,14400,643,448834,175091,60,1
27,32850,11276,742,283612,271150,48,1
23,81150,6356,374,761413,170465,12,1
37,89910,10201,454,969424,278100,24,1
53,67375,8433,729,356081,448258,36,1
32,50435,14828,662,775084,494415,12,1
42,72132,7380,747,193279,404294,12,1
42,93945,2385,533,246846,427847,24,0
50,97050,14308,561,738332,362820,48,1
58,17983,4268,424,454015,126724,12,0
58,35662,671,544,776448,67901,12,1
28,38510,163,841,472132,374371,48,1
47,93187,8656,784,120463,205569,24,1
47,55998,11234,421,143500,493029,12,0
54,71846,4592,424,257772,122192,48,1
41,21640,4795,848,611446,177646,12,1
50,59547,10634,469,134607,298561,36,0
53,69620,4798,423,956071,355164,60,1
48,30317,6036,334,819305,350783,36,1
53,22564,2355,386,383840,463222,12,0
25,42345,5887,500,897942,99881,24,1
39,94273,12470,668,170076,247934,60,1
24,89859,12916,376,108692,437670,36,0
55,95765,7961,358,705129,137659,48,1
37,89038,10749,730,767104,126688,24,1
48,67393,5827,799,852242,120584,36,1
50,81081,8737,408,972630,190782,48,1
49,44430,13875,577,211081,353711,12,0
26,90532,4719,367,161718,227820,48,0
55,42788,12027,368,403076,343030,36,0
57,63543,593,464,574480,417032,36,1
44,28919,4839,788,297536,221896,12,1
49,84346,7394,604,86413,296576,48,0
51,54974,14056,664,193888,184689,48,1
55,31371,11996,678,613370,339517,12,1
53,60084,9651,642,901480,170289,48,1
41,44629,14236,653,697418,288028,12,1
52,66184,3493,715,625228,272598,24,1
43,76916,10793,408,737490,79960,36,1
53,88972,6164,796,614430,107421,24,1
23,77187,14889,640,572780,243245,60,1
38,27984,10636,682,86468,48618,60,1
45,48039,2672,832,998202,482164,60,1
51,98691,4200,599,716015,460887,12,1
23,73606,14527,438,228969,52111,48,1
44,25616,16,658,473291,437829,24,1
52,65072,3191,798,976863,221750,24,1
42,39574,392,684,965480,125592,24,1
43,18430,8616,579,545413,239000,24,0
22,27676,6272,782,286187,260989,60,1
47,25816,571,410,92056,327137,24,0
22,47733,3631,438,101831,133652,48,0
46,17050,6172,734,895623,407064,60,1
37,48933,9312,808,823952,83672,24,1
53,39951,7177,572,958380,255351,12,1
29,47413,8433,398,476488,333269,36,1
59,49801,3897,403,682405,222516,36,1
49,70619,12287,513,326815,384653,36,0
46,47913,8123,464,339192,66602,60,1
55,55600,2279,819,862395,208117,24,1
45,72775,8980,583,618242,242069,60,1
44,50400,7451,816,515525,47222,48,1
33,19494,8906,463,283192,316367,12,0
27,95688,13046,363,407574,246084,12,1
56,89691,11041,390,575005,247318,36,1
40,58001,775,416,323820,70333,36,1
21,82364,12218,566,447650,188804,36,1
28,60028,6869,439,230882,389794,24,0
36,52573,2247,545,168696,54420,48,1
34,15806,7088,694,967262,80504,48,0
32,71638,78,786,54994,7462,48,1
43,44757,8080,775,840666,276604,48,1
35,49636,7099,816,119300,104319,36,1
48,95097,3926,483,356093,261674,12,1
54,63280,9047,319,611693,145347,36,1
22,39262,7340,823,347016,492429,48,1
52,95435,14802,828,354359,149341,36,1
43,77211,14916,446,597473,134593,48,1
42,69842,13727,603,748802,127672,60,1
45,71979,7083,527,566479,464158,12,1
42,96470,14784,401,494975,340064,60,1
42,53197,6230,716,877585,289697,24,1
26,56844,10340,515,389679,422582,36,0
35,79754,9223,706,707941,49036,24,1
57,49157,4940,698,101717,153441,36,1
53,92129,3271,798,52763,147867,60,1
28,55042,11768,764,405054,75021,48,1
25,76665,12374,381,105480,374349,48,0
59,97856,14378,664,744119,466370,36,1
24,42376,3456,462,257139,166215,48,1
26,70554,7788,347,168094,427641,60,0
52,29199,11698,810,730667,355353,48,1
50,96412,8599,628,801731,342283,60,1
55,65948,7650,415,585352,241304,24,1
36,88781,2711,636,126848,10368,60,1
33,87750,11280,446,611836,140693,12,1
50,81262,1668,622,218017,63829,12,1
39,61600,147,742,842908,396180,12,1
37,91898,6420,312,494972,458510,36,0
39,77483,12519,793,926533,281863,36,1
48,33297,12089,586,576670,34227,36,1
46,45448,10142,413,492899,114430,60,1
57,41172,365,779,531215,405782,36,1
46,57874,9866,321,750636,17306,24,1
43,22657,4531,648,535097,58822,12,0
29,99386,12686,619,553516,29042,60,1
32,40425,5330,425,470162,413302,12,0
21,41685,5510,576,653986,153459,36,1
21,39578,10738,503,820050,425258,60,1
54,43831,14875,493,817669,94424,48,1
52,22906,8754,846,989839,187690,24,1
45,76413,11754,585,95095,228122,36,0
21,69028,10681,356,523146,154395,36,1
36,22287,13572,602,442118,23019,24,0
59,48660,8964,462,863629,342570,24,1
25,90758,6493,318,964051,45863,48,1
42,75504,10229,669,596298,116023,36,1
49,74720,11615,563,467339,146355,36,1
23,49701,10759,412,400067,416495,12,0
32,98300,5439,787,708250,314143,60,1
46,32674,14473,626,442670,67780,60,0
36,98560,9765,841,159162,290052,12,1
57,38874,11886,364,433071,197656,60,1
42,58642,13279,591,320170,393422,24,0
49,80160,6511,324,377069,380146,60,0
34,32602,11483,848,643130,448441,60,1
48,40931,7504,300,345809,174024,12,1
25,44192,1246,848,321421,105706,48,1
50,61542,11911,440,223311,173735,60,1
25,57520,3839,487,490880,127019,60,1
32,79772,8551,427,884440,376852,48,1
36,73762,13208,500,851115,197453,12,1
46,65106,2376,426,706030,184001,48,1
46,96121,3009,556,270283,276487,12,0
41,40559,14798,846,723249,343317,24,1
59,48742,11185,493,498828,105260,12,1
56,84669,9154,403,749895,175863,24,1
53,95199,11824,834,390686,165206,24,1
50,36754,1827,564,366463,183173,12,1
57,18972,6979,683,295144,74443,36,1
43,85831,9805,559,928499,235183,12,1
30,56873,9832,713,726999,324674,60,1
25,24903,10408,657,245784,445015,60,0
56,18020,12504,374,984137,140899,36,0
54,56755,8569,654,826505,101143,24,1
51,60648,12406,487,381119,198725,36,1
30,24516,4285,589,213244,149771,60,0
39,17396,6910,344,502413,489635,36,0
52,99082,8561,382,151158,381671,12,0
21,34129,14089,422,848009,253044,36,0
25,16591,2196,657,913731,141385,24,1
24,26303,3747,827,856608,149670,12,1
36,45561,8843,365,113972,116362,48,0
44,86719,5978,674,956450,251517,60,1
36,22314,5607,461,533007,295951,60,0
22,34623,769,679,484219,468639,36,1
48,82675,10613,657,332140,205462,12,1
52,80082,780,487,675210,181298,48,1
47,98624,9908,621,923030,64550,12,1
40,48130,6303,749,610219,478288,60,1
44,66756,14686,773,698456,270702,12,1
32,41292,3983,312,216782,473524,48,0
55,84274,9503,483,173099,317257,36,0
53,17469,11551,410,608981,320143,24,0
53,68947,13537,807,158944,191950,12,1
57,37534,8714,589,798943,434559,24,1
32,78620,521,594,781862,63219,60,1
23,63874,13070,750,853806,171258,36,1
21,64708,10512,514,297572,435182,36,0
53,89553,9127,326,393615,169841,12,1
30,83344,7569,530,620201,256004,36,1
49,64138,10422,620,960115,262336,12,1
33,69302,12232,532,247097,241495,12,0
32,62638,5784,736,880948,58218,24,1
51,93249,4583,832,662084,286373,36,1
22,17719,5946,702,338213,342353,12,0
55,37890,4941,352,954765,32877,24,1
43,92236,6267,612,134811,194073,48,0
37,51509,7128,580,240121,364281,24,0
46,57534,11889,330,807180,305228,24,1
28,33787,11029,636,430172,348924,12,1
49,63845,12275,482,613466,491108,60,1
46,72932,2461,322,869253,152878,60,1
30,48062,14291,843,504151,224707,60,1
46,90713,14036,745,591287,246249,24,1
54,75461,11435,373,505738,42034,12,1
27,90418,11551,309,350856,176389,36,1
24,81672,685,783,245623,322612,24,1
31,49832,2160,755,745532,417310,24,1
49,46966,7031,459,345866,193868,12,1
56,87545,12180,313,847057,15589,48,1
45,27987,12258,477,248237,62221,24,0
41,52311,14457,711,581147,260927,48,1
56,46575,9759,352,685274,268801,48,1
30,78852,5341,707,806942,365444,60,1
57,16007,38,321,333983,122229,12,0
29,85981,10736,329,339360,306675,48,0
44,91242,4875,559,889385,57227,12,1
55,62517,1256,504,527697,270308,60,1
55,44257,11182,358,503809,98078,12,1
56,57207,7697,770,99522,482189,24,1
38,28281,2196,765,280233,308391,48,1
59,76246,11660,311,448102,240113,12,1
52,16435,7165,589,423393,417817,36,0
44,41660,10900,653,57485,492182,12,1
43,20084,14215,374,474671,55599,48,0
52,97197,301,740,817344,469761,60,1
57,28507,7527,540,984271,251367,60,1
32,87595,6381,453,162701,402768,48,0
33,98807,646,395,995957,407633,24,1
43,60539,12950,593,257352,194651,24,1
45,22491,14571,508,676926,73207,60,0
55,65192,9951,642,234514,339199,60,0
50,95395,14538,387,495093,369410,48,1
37,78888,12543,689,848658,345414,24,1
40,88609,8789,624,667693,116426,60,1
45,24077,8853,456,859020,139794,24,0
42,35953,4330,436,260048,337586,60,0
33,91919,9560,727,737069,362776,12,1
39,82889,10773,751,87019,176103,36,1
56,38821,7003,440,311497,215307,12,1
32,52567,12060,382,639421,26438,60,1
39,39860,3537,476,950876,63819,36,1
32,36195,13057,497,771818,48856,36,1
29,92475,14876,720,429747,431792,60,1
27,36427,12500,700,208598,309082,60,1
48,42083,4558,770,702873,447244,24,1
34,72372,6579,517,495414,64807,60,1
51,59064,8474,474,819460,317021,48,1
39,22813,11870,322,542750,495999,60,0
36,46598,9678,534,879827,48461,48,1
25,42082,4082,312,467247,98474,60,1
55,44241,13718,400,518758,438685,24,0
32,59569,4183,835,700102,350280,48,1
45,26745,13355,822,424743,287579,12,1
41,41029,8652,751,75939,220189,48,1
56,28025,10517,730,987828,412407,24,1
43,29288,3754,832,203939,351870,48,1
36,21540,10660,592,836635,259730,60,0
59,96958,1724,400,984048,251732,60,1
59,83878,1376,801,983403,425602,24,1
34,56846,10935,603,865495,167793,36,1
51,90932,8706,839,665168,59786,60,1
25,32482,8894,654,578036,280848,12,1
55,38411,1653,602,286094,61635,24,1
43,65975,2066,795,429413,400339,48,1
49,75545,22,526,917196,357854,48,1
31,93797,2460,535,201956,245909,12,0
38,67307,13341,754,206255,250984,60,1
32,18093,5926,312,514462,330137,24,0
29,92258,6251,509,944468,117752,12,1
30,37042,9496,696,724619,216194,60,1
37,67930,7295,399,741319,233584,24,1
58,59413,3300,330,952957,423632,48,1
27,48756,13422,827,476673,137886,24,1
33,68268,6279,628,397823,83537,36,1
29,54214,8553,465,175829,317402,24,0
47,96871,7353,758,178216,152580,36,1
22,43602,3727,399,969607,90166,24,1
25,68331,6272,472,640189,214988,36,1
49,63901,5995,461,817674,380854,48,1
57,78416,9476,562,225607,302843,60,0
58,47196,514,573,459319,313479,36,1
39,20626,448,302,672334,313950,36,0
28,22424,6019,327,402156,344997,48,0
21,27857,13794,625,652566,199840,36,0
42,34982,5343,448,324535,302883,12,0
37,91961,10047,839,152476,39785,48,1
27,16980,13161,787,996405,168052,12,0
45,63290,8033,737,432865,487551,48,1
24,41431,11754,364,671825,236791,36,1
56,99976,2520,655,917591,492918,12,1
26,97711,3081,832,967472,352160,36,1
51,41385,1428,551,231429,399825,48,0
39,53158,3967,534,267980,71253,36,1
59,38019,6445,526,553551,483697,12,0
47,33639,14566,824,871935,96128,12,1
30,36563,14042,612,536675,426357,36,1
46,54341,9114,348,125403,166081,24,0
39,20776,11329,417,638574,394725,48,0
59,51444,2159,353,386986,115966,48,1
23,83916,5132,343,154927,142854,36,0
33,23711,13704,352,851340,490288,24,0
48,89318,2547,824,535833,104352,12,1
40,97970,2979,401,493842,424149,60,0
48,45707,14933,697,349372,344298,60,1
28,54110,10473,437,73386,144379,36,0
59,76788,2649,686,227826,228279,24,1
21,97879,8505,410,554158,242281,24,1
23,53827,10805,316,340446,113297,48,1
33,20655,3083,481,372959,211946,12,0
48,59859,10448,835,302156,43346,24,1
45,68625,14285,840,899776,117138,60,1
53,67098,1037,470,948035,317916,12,1
58,30251,13944,708,519450,470300,12,0
26,15526,3489,677,373258,45149,36,1
52,83760,7604,487,298724,353844,24,0
41,62837,7544,529,251202,163598,36,1
36,26536,2634,418,75525,363902,24,0
41,43541,3983,455,129818,483928,48,0
31,94083,1778,764,164589,133447,36,1
57,66027,7902,403,195406,466693,36,0
56,49531,5110,801,669003,10695,60,1
55,23712,5189,474,243839,44169,36,0
39,80455,12087,720,843076,315091,24,1
40,89744,7378,433,413298,183296,60,1
38,20109,1124,690,556453,313009,36,1
34,64268,697,800,307438,161625,36,1
35,69615,2179,332,879901,371645,48,1
51,97503,9596,354,476903,327554,36,1
21,44759,5251,818,943041,370898,12,1
23,75112,9235,311,495872,358039,60,1
36,41589,1929,827,460591,423032,12,1
43,45015,14871,672,557235,191098,60,1
31,44009,1013,783,563951,317849,48,1
32,98309,226,527,377350,197994,36,1
30,77046,7321,606,932894,382844,36,1
52,41143,1828,756,741967,341058,36,1
36,21154,7909,459,657466,6881,60,0
28,36804,5588,630,991497,437783,36,1
58,56688,13109,524,749746,314509,12,1
32,79288,2023,803,828754,84211,36,1
44,66195,4966,755,489503,468338,48,1
48,35581,10644,344,136724,161078,12,0
28,67648,14537,513,803492,308342,36,1
48,45087,10277,358,146393,421047,36,0
56,64930,5891,494,963746,367793,24,1
46,47981,12475,788,650600,414675,60,1
28,84298,1080,456,911756,430659,12,1
48,61167,5036,525,645484,440532,24,1
48,90304,10512,711,644302,232203,48,1
57,58408,11382,504,451426,200558,60,1
56,54499,10822,378,716282,141949,12,1
47,67269,2563,423,479505,44553,36,1
37,53559,3292,770,572313,403138,12,1
29,89319,12813,517,83340,389922,36,0
53,63787,3586,815,351994,384162,60,1
40,50488,4431,403,546915,140758,36,1
33,89441,6841,692,687999,37766,48,1
48,89663,13366,733,789538,478159,36,1
49,37431,6643,630,61094,299150,48,0
33,76681,11139,442,924391,36422,60,1
55,78483,3959,839,842173,383734,60,1
26,64153,11005,577,685873,279349,12,1
38,21368,10775,532,515590,484806,48,0
25,42424,161,828,560491,159599,48,1
45,60004,593,389,434708,247555,24,1
22,98869,14226,791,118798,416659,24,1
30,71985,14494,498,952458,414740,24,1
50,65069,11451,661,251604,383621,36,1
25,67326,12347,740,160130,33202,24,1
53,96061,11154,325,858596,463768,48,1
21,38398,12080,324,740955,444358,36,1
38,65861,3390,693,80257,328836,60,1
52,90897,5997,806,457427,218456,12,1
31,96905,6354,600,932421,25855,24,1
41,83577,12693,638,972736,481963,60,1
46,80641,663,566,102691,196444,48,0
45,24078,9324,760,654056,292239,12,1
42,40003,13387,755,468829,436940,60,1
47,77768,541,659,588314,316385,12,1
33,66047,5433,367,799450,108119,24,1
53,86626,5093,711,343052,57003,48,1
54,72660,13428,790,593898,466595,12,1
55,64786,11166,348,227718,99837,60,1
21,16925,867,401,548357,228068,24,0
41,98976,10258,515,375329,495670,24,0
26,41015,8623,737,908999,361427,60,1
48,48320,13027,458,228646,414188,60,0
37,79881,5469,788,568420,128805,12,1
25,41289,12470,541,272123,360990,36,0
51,18389,6256,304,545236,290071,24,0
25,40683,9398,660,872614,387733,12,1
58,28629,10720,758,952568,120657,60,1
23,76550,1169,547,968074,333774,12,1
43,39826,830,721,541006,109428,60,1
57,41630,1651,314,593576,127035,48,1
57,61163,1136,421,915256,450563,60,1
30,81435,2810,576,997381,235780,60,1
30,26653,8667,752,658713,393388,60,1
39,42961,11002,689,50917,487076,36,1
37,96941,9518,593,912034,222282,60,1
41,89137,13258,745,901007,74518,24,1
34,48662,1019,509,908950,181355,24,1
29,71446,5237,601,827475,348470,12,1
21,36288,10028,522,89104,148277,36,0
33,51877,12448,302,723422,125243,12,1
24,30313,10640,817,329143,488090,24,1
21,95885,12485,392,312091,279892,24,0
52,87715,1283,819,505061,419313,48,1
54,25326,659,727,453157,401308,60,1
48,16560,14063,792,635457,58311,24,0
51,94148,13358,534,204542,27692,12,1
28,98186,2010,460,179744,129954,12,1
59,41745,8590,630,947116,159934,60,1
46,46890,1733,632,109821,397179,60,0
54,35022,13870,349,267741,226468,48,0
23,67579,2125,822,299265,346651,36,1
32,85316,2171,791,487651,85152,12,1
21,98847,8266,571,447745,468685,60,0
25,43380,14472,551,264127,9926,12,1
50,17356,12889,389,324336,489515,60,0
50,85326,3471,745,386246,8969,24,1
37,35049,9028,631,253834,40733,12,1
43,90717,5624,438,808826,336999,24,1
35,31082,8691,656,951326,46743,12,1
57,15661,13884,573,136795,135193,36,0
41,52412,8329,318,215159,175948,48,1
34,17920,2097,610,378821,374589,24,0
22,75315,14082,453,709987,25323,60,1
31,94561,5068,689,293877,283572,36,1
59,23946,13930,559,249298,39578,12,0
58,60500,11888,424,548843,91486,24,1
54,31309,10077,653,970759,331284,12,1
58,70230,6397,572,762793,262450,12,1
54,45027,14316,544,186285,112325,12,1
38,87541,2757,749,152412,350973,48,1
50,74321,3920,546,593692,273508,48,1
35,15956,8186,819,166545,396011,60,0
47,89131,1900,440,468596,433565,24,0
54,62908,2610,661,272128,136763,36,1
58,93339,6900,307,724533,262971,36,1
53,40963,12178,777,758387,100598,36,1
44,54443,1449,651,860421,202539,12,1
35,54063,8738,794,835945,181968,48,1
50,95818,5017,726,420250,62062,24,1
37,19703,12868,338,336663,233338,12,0
25,80128,13660,486,831163,215834,48,1
49,87099,7999,392,858871,149933,48,1
24,40849,6052,385,430714,232909,24,1
30,46860,10195,343,64995,93302,24,0
37,46585,2096,436,73559,499926,24,0
30,37015,8895,720,571244,68928,12,1
37,92539,6404,373,401193,219303,60,1
40,58585,10595,847,448237,46347,24,1
44,41958,9817,811,672288,8121,60,1
25,41017,3331,455,726479,88793,12,1
54,91707,12925,554,494755,33164,60,1
26,60350,7462,470,538051,292635,36,1
22,27201,5105,469,875782,64222,60,1
33,44426,2978,621,489439,159237,24,1
31,32778,12928,755,75517,8748,12,1
43,60241,2839,454,521869,496797,24,0
36,57229,3384,648,465466,31553,36,1
51,63364,10851,750,265558,121547,24,1
31,99878,10053,472,526111,65380,24,1
36,72056,11048,309,925564,49331,24,1
28,42490,13493,564,534282,232105,48,1
24,34975,685,737,510014,495060,36,1
24,41723,14139,546,497415,125617,24,1
45,38279,7531,845,567039,306704,24,1
23,93301,4283,798,895978,321009,24,1
52,26561,7736,428,571396,444902,12,1
23,81061,7710,626,155686,80910,48,1
47,64153,1619,703,662439,402891,12,1
49,48142,13975,658,315471,464922,48,1
52,41916,13272,316,694606,345130,24,1
39,79324,12835,573,997272,212288,36,1
41,59965,6868,415,769778,15068,60,1
25,19648,1431,390,537602,59460,60,0
38,50133,9067,381,748148,367910,24,1
48,65677,4713,623,690233,51418,12,1
42,85135,10653,413,263456,293350,36,0
41,50046,9557,357,358974,133180,48,1
26,62064,9435,453,102446,267431,24,0
21,84350,4998,703,458376,27337,36,1
25,60893,162,565,761943,156738,36,1
32,76272,1974,614,477214,252667,48,1
46,82649,3291,340,994734,137233,36,1
54,79674,8461,404,190148,367811,12,0
34,28760,631,492,643629,357215,12,1
46,36927,905,700,81085,103064,12,1
47,76367,11663,577,367715,436967,36,0
29,27588,11445,653,457931,480279,12,0
46,67233,2014,555,574006,373655,48,1
42,59738,9833,398,440452,487605,36,0
50,48397,7896,581,55750,412974,60,0
37,97189,204,702,950363,463996,36,1
46,91367,581,408,390912,251686,48,1
56,86260,5675,498,561760,8178,60,1
21,91619,9032,602,85903,36831,36,1
28,34816,14124,626,253561,138248,12,0
55,57240,5347,453,999597,108306,24,1
35,21276,9911,704,665324,169726,24,0
42,94530,13930,761,662242,259292,12,1
34,38499,2643,431,562493,424843,24,1
46,97495,8017,383,477530,188622,24,1
48,86635,2297,698,491441,379169,12,1
43,50946,874,408,919446,180982,12,1
34,70204,5560,520,478395,95417,36,1
44,66886,14531,667,691593,194323,36,1
22,86652,689,446,555633,433638,12,1
46,30563,4000,411,468554,16984,48,1
34,24847,14298,793,535651,94312,24,0
27,41155,11333,804,250753,197458,36,1
23,94671,14974,774,82101,88291,24,1
43,98310,9614,570,52775,274279,60,0
38,82278,14289,720,685785,5320,12,1
58,33309,671,666,540399,492387,48,1
55,15619,7927,579,95619,157756,60,0
35,98194,1171,582,302388,454129,60,0
45,65108,5591,339,462755,355918,60,1
57,49707,11918,488,807634,420105,12,1
48,35337,9135,463,893556,231921,36,1
30,96537,6342,835,115149,365215,12,1
59,81504,1449,835,76616,184971,36,1
37,62614,11929,303,796055,260083,60,1
59,15281,2539,589,235639,408986,60,0
42,42420,3959,732,742459,437537,48,1
46,95896,13183,770,256903,484178,36,1
45,54030,6285,480,281318,114863,60,1
37,16058,5432,547,898231,46777,24,0
33,91260,4260,578,402365,51250,48,1
40,43404,2361,553,951311,340178,12,1
45,44856,6164,480,337623,372084,48,0
24,24200,13393,808,411309,307274,24,0
30,79178,11844,625,105863,480147,36,0
23,48997,3670,656,223115,185418,12,1
38,40611,1753,690,919001,400753,12,1
56,56235,8100,384,545654,220834,36,1
42,50057,10544,616,553323,20216,48,1
54,16239,1938,511,458624,351293,60,0
28,80661,8562,814,827635,8009,48,1
39,60272,5976,683,763340,357048,24,1
57,76212,13140,641,328495,165399,60,1
26,30398,12671,337,185203,150281,48,0
46,71503,10123,810,297908,184515,36,1
54,21638,6588,719,881257,20029,24,1
26,21570,8616,468,847781,465829,24,0
57,83785,6304,642,242003,215515,24,0
53,24110,7345,605,880686,193069,60,0
42,94141,12916,841,874657,369315,12,1
41,27115,7875,836,547599,119456,60,1
26,54062,9086,411,324597,329703,48,0
26,37911,6633,710,724174,332036,12,1
24,47556,14662,505,723623,337553,48,1
50,93131,597,484,651982,406851,12,1
31,16969,3062,681,590023,300209,60,1
50,58753,2336,795,983334,247471,24,1
51,97811,12880,678,884325,387688,36,1
44,19470,9879,346,750033,374484,24,0
29,25225,572,827,963438,38783,60,1
23,38196,7521,803,794822,39152,12,1
51,28669,6171,321,619354,63741,24,1
57,52380,7097,512,805675,374193,60,1
56,63320,2090,609,184445,449718,48,0
44,62414,13992,571,453551,34092,36,1
51,30577,6566,501,991245,153725,24,1
26,70409,11861,331,847124,496215,12,1
22,43625,12464,742,619829,235636,48,1
40,96040,4624,461,215129,176541,60,1
48,39089,1633,553,641271,259136,36,1
31,51487,13253,820,724943,353627,12,1
24,80838,1517,779,203837,388729,60,1
35,65138,12485,309,764647,326898,60,1
26,57823,10849,804,991410,166050,24,1
50,52208,3648,735,957179,92592,24,1
58,69061,13140,410,921535,361687,12,1
22,45659,11780,452,785035,48169,60,1
35,46890,1537,401,227597,446503,24,0
31,94134,14357,490,743590,59745,36,1
28,62055,13368,380,462736,115168,36,1
46,34508,3137,788,528454,118985,60,1
25,57287,6985,387,495150,272687,24,1
26,93916,97,493,337710,192464,12,1
46,41984,11407,403,909625,26067,12,1
24,23125,14191,395,546440,56033,12,0
39,51059,12722,722,473350,50256,36,1
40,84569,12924,497,453561,226705,24,1
53,32087,3750,300,826372,244455,24,1
40,20704,11349,706,695303,205417,36,0
32,75576,12875,677,222257,420407,12,1
21,88384,8535,466,820824,91803,12,1
46,87460,8174,808,274021,208814,60,1
34,42208,8103,612,705244,123843,48,1
58,81024,5413,717,645032,484809,24,1
57,54882,14267,776,345599,33992,24,1
31,40923,4666,372,558433,217603,24,1
56,44165,610,440,995522,53803,48,1
33,82203,1727,561,366363,377119,60,0
23,19114,10482,639,882423,199549,48,0
53,79965,1854,607,647904,149282,12,1
26,51321,10800,544,661726,481545,12,1
30,88297,5055,814,166841,31270,24,1
25,40426,10271,636,714846,460224,36,1
43,32772,14726,375,219934,403413,24,0
30,18712,2324,474,827022,249929,36,0
22,16367,12819,408,633158,12452,48,0
33,66924,9369,482,136694,308630,12,0
22,18726,14718,491,287068,19859,36,0
40,42723,9283,364,880288,425452,48,1
21,24108,14189,773,151407,430115,12,0
57,92714,13171,399,543960,37083,36,1
29,50643,14549,843,605667,334852,24,1
37,46324,5774,427,901161,116462,24,1
29,98360,6519,751,471594,152735,24,1
31,23927,10983,668,286500,360220,48,0
35,37443,14548,342,628641,254737,24,1
44,94973,14414,718,755356,286197,60,1
58,78449,1749,787,850463,147157,12,1
55,91743,10867,377,261144,428780,48,0
50,75233,14939,569,640270,356889,24,1
51,40537,781,614,86683,195167,12,0
25,92576,7548,467,164091,74517,36,1
34,37612,11240,638,167797,157225,24,0
31,21471,6823,492,460834,141319,12,0
29,50631,2105,752,580875,408769,60,1
54,46348,3867,582,374934,419027,36,0
32,79732,7193,635,343624,231453,60,1
55,16177,4976,689,803890,404351,12,1
55,19760,12734,824,725887,141645,60,0
21,47779,2113,539,335713,84267,12,1
42,36636,5879,782,847583,143261,12,1
49,96889,13565,757,514310,347221,60,1
28,68551,3970,388,240246,441862,12,0
31,26556,10183,394,619027,343767,24,1
57,42598,9259,751,607242,136004,12,1
34,26563,7264,727,818223,58687,48,1
50,61819,1577,450,159373,335456,12,0
55,88770,9203,813,608988,112615,48,1
41,41966,2274,675,173728,398120,12,1
57,96709,4869,321,903220,32564,12,1
25,74889,10006,612,645333,295979,60,1
39,41987,6744,818,481058,459803,24,1
34,93714,2426,505,719260,12697,24,1
46,73348,13489,674,964424,85165,36,1
24,39596,5546,750,916491,209994,60,1
45,48174,6852,478,576169,415262,60,1
45,79106,12594,509,969134,62823,24,1
38,84967,13066,799,857221,471796,60,1
28,74182,2551,763,438227,451586,24,1
59,54310,6411,423,138059,14615,60,1
34,71088,11849,412,788854,403276,12,1
52,23906,7,311,882583,397643,24,0
58,51914,8087,425,492136,81436,24,1
53,60379,2555,630,683676,196591,48,1
43,93612,475,582,248303,387706,60,0
35,52650,5416,439,561162,338261,60,1
53,61881,10403,700,523573,459374,24,1
45,61413,8676,396,315406,39782,12,1
37,21012,7239,816,379125,483925,12,0
53,65115,6710,368,957383,83533,12,1
22,22151,5000,417,959531,245011,60,0
34,72716,4654,358,131972,194327,48,0
59,51378,8078,332,387629,77684,24,1
26,57652,6063,617,104722,455134,36,0
26,87430,2285,349,925931,262165,48,1
23,28467,5223,788,231890,220356,36,1
27,46010,13521,318,997436,346702,48,1
28,69691,14889,496,319045,221621,12,1
35,79157,6971,749,167473,240295,60,1
49,27289,12755,751,542239,348566,36,1
53,59976,3525,588,320741,256435,48,1
50,58596,11531,440,441775,262424,60,1
59,38171,14721,383,573260,423472,36,1
47,59139,2822,690,900341,428221,24,1
56,63713,4943,514,908823,273782,48,1
49,44734,6530,825,789574,304563,24,1
58,87588,11116,514,975767,38377,12,1
53,78646,258,702,375437,111244,24,1
57,18654,282,427,818184,179188,24,0
47,33743,13937,776,206877,434850,48,0
53,63368,1898,703,534895,218363,12,1
24,89172,4135,328,586162,28382,24,1
42,21441,6629,637,798425,251375,60,0
22,39611,11168,660,922834,192135,36,1
30,27149,10459,691,850511,158466,24,1
25,74189,3200,517,493066,334933,12,1
30,36675,5110,501,384923,239318,24,1
53,86031,7167,316,669696,377778,36,1
58,57668,612,621,976522,136936,12,1
33,28673,14203,817,694894,366716,48,1
51,91666,687,624,170062,438438,12,0
56,95758,3690,711,62100,411882,48,1
44,80429,8804,617,369165,128664,12,1
35,38669,2307,381,725160,157027,36,1
49,49068,7133,773,440270,377818,36,1
28,24435,11205,767,244472,108533,12,0
25,67249,6509,724,928878,348989,24,1
49,52384,9973,503,865869,252997,36,1
24,96929,5906,686,284196,74590,48,1
32,91153,2591,397,257609,394919,48,0
22,90388,10888,644,725302,333615,60,1
47,46401,13835,507,333006,486530,48,0
51,86831,14218,813,323813,310442,60,1
56,49084,12150,465,957651,461324,12,1
56,70826,7183,321,759132,249936,12,1
46,51451,5248,453,852348,53924,12,1
47,22227,8766,738,323022,414925,24,0
25,46910,10102,594,839417,14726,24,1
40,51041,5108,518,541121,196896,60,1
31,80681,3604,794,254720,45542,48,1
30,96571,669,529,615523,418461,48,1
58,80481,4364,319,331075,39753,12,1
26,83576,7329,447,142876,346932,36,0
28,79174,1283,407,574624,288460,24,1
43,41160,923,702,879365,238979,24,1
46,32633,1125,782,357680,89698,12,1
32,32014,1529,666,643792,283104,24,1
46,95532,14046,713,673502,35791,12,1
33,64104,9786,608,232220,292360,60,0
38,56621,8438,433,163936,430683,48,0
45,92231,3711,582,66279,331571,36,0
53,83388,8004,372,249737,379614,48,0
32,31014,9752,780,153751,460263,48,1
56,48755,6274,651,416577,78290,60,1
24,55390,10592,625,121386,52014,24,1
25,38711,10435,742,136124,140150,36,1
57,72993,3864,399,417894,476605,24,0
28,89696,10131,358,913917,55519,48,1
48,42213,13217,807,386199,271186,12,1
51,72784,7833,557,141911,54052,48,1
29,22421,11261,712,935050,19389,24,0
49,32727,6788,751,520489,363105,48,1
34,19358,226,364,772030,73111,12,0
42,80108,11739,453,497244,372202,60,1
31,47117,264,565,271094,360859,24,0
43,46910,9587,378,426036,317877,48,1
21,70754,11749,614,287723,301898,24,0
57,77438,13745,547,383272,416840,60,0
41,44371,645,713,461324,353030,48,1
46,66501,14546,324,888927,162753,48,1
56,75946,7544,583,132806,94524,24,1
43,53467,13706,748,929617,348150,24,1
21,32625,5569,600,781893,291848,12,1
35,48893,2990,367,280097,99913,60,1
41,91329,13675,306,247478,99108,12,1
29,46007,10091,436,537436,259803,48,1
29,54532,2504,463,744879,274637,24,1
30,69253,10964,382,361793,74639,48,1
46,27323,13537,719,739884,236452,48,1
55,88379,13269,372,539709,321527,36,1
45,29210,9346,536,739245,139066,36,1
46,31456,587,345,487585,205352,48,1
31,46367,12763,561,282204,314378,24,0
58,69624,10013,475,407546,445507,48,0
22,25106,9177,465,867108,133674,36,1
27,83008,4079,669,900525,491084,24,1
38,87240,3348,353,490980,10594,48,1
47,79315,6299,718,231871,241907,60,1
